0,Pearson,Kayden,13-08-1996,M,IIIc,Prescott
1,Sherman,Dylan,11-08-1997,W,VIIIb,Elkhart
2,Sloan,Westin,21-08-1996,M,IVl,Rowlett
3,Todd,Aaron,13-07-1991,M,Vg,Blacksburg
4,Avila,Miller,23-06-1999,M,VIb,El Centro
5,Salinas,Millie,29-02-2000,W,VIIIk,Gaithersburg
6,Singleton,Westin,26-10-1997,M,VIIIh,Chula Vista
7,Reynolds,Raylee,25-12-1998,W,VIf,Coachella
8,Griffith,Gavin,08-03-1991,M,IIIk,Bloomington
9,Farley,Raegan,07-11-2000,W,IIIb,Brea
10,Phillips,Liliana,05-12-1992,W,IVk,Lakewood
11,Spence,Maxim,30-07-1997,M,VIIIj,Duluth
12,Huynh,Emilia,07-04-1997,W,IVe,Portland
13,Escobar,Ellis,28-05-1990,M,IVj,Grand Rapids
14,Payne,Kathleen,14-12-1997,W,IVj,Oak Lawn
15,Benitez,Brendan,03-05-1999,M,IIIf,West Allis
16,Hale,Leroy,05-03-1991,M,IIIl,Fishers
17,Gutierrez,Greysen,04-03-1996,M,Vl,Fishers
18,Ramos,Iliana,11-10-2001,W,IIIj,Littleton
19,Jimenez,Monica,11-04-2001,W,Ij,Cheyenne
20,Marks,Kimora,07-01-1993,W,Ik,Cleveland
21,Merritt,Esteban,10-11-1998,M,IIj,Kettering
22,Church,Jaylene,26-06-2001,W,Vl,Chula Vista
23,Stuart,Hanna,02-07-2000,W,Vf,Doral
24,Gill,Livia,08-09-2001,W,VIa,Lincoln
25,Blackburn,Lilyana,03-11-1992,W,If,Cuyahoga Falls
26,Oneill,Nikolas,11-11-1999,M,Va,Burnsville
27,Haley,Bruce,14-02-1990,M,VIIa,Lenexa
28,Acevedo,Brysen,27-10-2001,M,IIIh,Kingsport
29,Cervantes,Anya,06-08-1993,W,IIIf,The Colony
30,French,Reece,02-08-1999,M,Vb,Grand Forks
31,Waller,Max,06-04-1991,M,VIh,Woburn
32,Lara,Brenden,15-07-1998,M,VIIg,Blacksburg
33,Terry,Madeline,05-01-1997,W,Id,Kingsport
34,Francis,Karter,10-07-1998,W,IIl,Apple Valley
35,Sosa,Magdalena,25-04-1991,W,VIIe,Roanoke
36,Owens,Uriel,11-07-2001,M,IIg,West Des Moines
37,Carter,Sasha,09-02-2002,W,VIf,Jackson
38,Barnett,Santiago,07-07-1998,M,VIIIb,Spokane
39,Jefferson,Fisher,05-08-1995,M,IVb,Chula Vista
40,Villalobos,Rodney,09-03-2000,M,IIIj,Raleigh
41,Estrada,Westley,13-01-1993,M,Ic,Fort Myers
42,Lyons,Paxton,10-02-2000,M,Il,Indio
43,Parsons,Chanel,01-12-1994,W,IVk,Weymouth Town
44,Kent,Jaxson,28-02-1991,M,Vb,Concord
45,Ellis,Laylah,19-12-2001,W,IIIj,Cheyenne
46,Mckenzie,Elsie,25-07-2000,W,Ic,Eagan
47,Love,Keanu,20-03-2000,M,Vh,Rogers
48,Keith,Alistair,15-09-2001,M,IIIl,Tulsa
49,Mcmillan,Harley,04-02-1992,M,IIh,Schenectady
50,Collier,Edgar,11-03-2001,M,Vf,Riverside
51,Dodson,Clayton,09-02-1995,M,VIl,Caldwell
52,Schneider,Rory,24-06-2000,M,IVe,Prescott
53,Randall,Yaretzi,07-09-1999,W,VIa,Urbandale
54,Sosa,Bria,14-11-1999,W,VIIIj,Visalia
55,Johns,Iliana,02-05-1992,W,VIIa,Allen
56,Lugo,Hope,18-01-1992,W,IVh,Visalia
57,Mata,Baylee,27-01-1992,W,VIk,Lake Havasu City
58,Hansen,London,30-07-1990,M,Ii,Lincoln
59,Vu,Cynthia,17-03-1998,W,Vj,Deerfield Beach
60,Lambert,Luka,17-11-1993,M,VIIIg,San Antonio
61,Dunn,Achilles,10-01-1995,M,IVd,Marietta
62,Wolfe,Raphael,15-03-1999,M,IVd,Logan
63,Palacios,Mallory,07-04-2002,W,VIh,Columbus
64,Cooper,Liana,16-01-1996,W,IIIf,Kingsport
65,Simon,Emory,22-03-1996,M,VIk,Tucson
66,Moody,Mauricio,08-10-1996,M,VIIj,Baytown
67,May,Graysen,30-11-1993,M,VIIg,Columbia
68,Giles,Gabriella,21-01-1996,W,IIi,Mount Vernon
69,Hubbard,Rosemary,19-08-2001,W,VIIIg,Columbus
70,Khan,Cullen,23-04-1999,M,VIId,Denver
71,Shah,Amir,06-10-1991,M,IVe,Grand Rapids
72,Chan,Karina,08-06-1997,W,VIg,Concord
73,Harrington,Ira,02-06-1994,M,VIb,Roswell
74,Parrish,Trevor,17-05-2002,M,If,Naperville
75,Gallagher,Adrien,05-03-1998,M,Vl,Weymouth Town
76,Harper,Nicholas,15-04-2000,M,IVd,Colorado Springs
77,Burke,Natalia,26-01-1994,W,Vg,El Centro
78,Sullivan,Jaxen,11-02-1996,M,Ih,Mission
79,Whitaker,Maeve,04-07-2000,W,VIl,Noblesville
80,Aguirre,Arjun,16-01-2000,M,VIIIl,Apopka
81,Fowler,Addisyn,22-02-1995,W,VIIj,Campbell
82,Calhoun,Kalani,15-08-1998,W,VIg,Visalia
83,Chen,Kalani,18-07-1997,W,VIg,Deerfield Beach
84,Lane,Aryan,25-07-1996,M,VIIIc,Hartford
85,Sweeney,Addisyn,09-04-1997,W,Vd,Mount Vernon
86,Walker,Madalyn,12-09-1993,W,VIIIj,Chino
87,Everett,Ty,14-01-1999,M,VIIe,Florissant
88,Leal,Henrik,16-04-2001,M,VIId,Leesburg
89,Sims,Kashton,13-06-1997,M,VIIIe,Glenview
90,Carrillo,Adrienne,05-11-1998,W,IIb,Waltham
91,Mcclain,Koa,28-10-1998,M,Ik,Marietta
92,Spencer,Hanna,23-07-1990,W,IIc,Sterling Heights
93,Robles,Adele,08-02-1994,W,IIh,Danville
94,Grimes,Nikolas,04-05-1991,M,VIIb,Jackson
95,Rocha,Naya,14-06-1998,W,Vh,Fishers
96,Krueger,Brayden,03-07-1996,M,VIIe,Scottsdale
97,Gilbert,Mara,14-06-1990,W,Vb,Napa
98,Barr,Hudson,22-03-1992,M,Vc,Cleveland
99,Landry,Aliza,11-08-2000,W,VIIa,Frederick
100,Garrison,Alaina,08-09-1992,W,VIl,West Palm Beach
101,Long,Rocco,13-12-1997,M,Vf,Duluth
102,Barnett,Louie,11-06-1997,M,Ih,Blacksburg
103,Briggs,Derek,17-02-2000,M,Ie,Chapel Hill
104,Wilcox,Richard,30-12-1998,M,IIIg,Tulsa
105,Hill,Trinity,08-06-1994,W,Vd,Salem
106,Boyle,Rosalyn,10-06-1991,W,VIl,Tulsa
107,Tran,Clark,25-08-1998,M,VIIIk,Cuyahoga Falls
108,Singh,Zackary,06-11-1990,M,VIIIa,Duluth
109,Floyd,Myla,22-08-1995,W,IVh,Buena Park
110,Hahn,Sarai,28-08-2001,W,VIIId,Calexico
111,Best,Brianna,05-01-1990,W,Vj,San Antonio
112,Blanchard,Holden,17-11-1997,M,Ii,Rochester
113,Santos,Vada,16-12-1995,W,IVj,Parker
114,Ray,Angelina,19-03-1991,W,VIIIh,Colorado Springs
115,Osborne,Alaia,12-01-2002,W,Vg,Waukesha
116,Arellano,Princess,02-12-1999,W,IIe,Dallas
117,Shaffer,Fabian,02-01-2001,M,IVe,Rochester
118,Mosley,Leif,30-06-1998,M,VIId,Lenexa
119,Nielsen,Hassan,21-11-1992,M,Vf,Lincoln
120,Cameron,Vivienne,31-08-1995,W,Vh,Buckeye
121,Henderson,Simon,09-01-1990,M,VIb,Leesburg
122,Villa,Micah,05-05-1995,M,VIIIe,Campbell
123,Miller,Oliver,30-10-1995,M,IIIi,Southaven
124,Stephens,Lilian,09-09-1991,W,VIIk,Rowlett
125,Mckay,Rory,24-10-2001,W,Ve,Walnut Creek
126,York,Rocky,20-11-1998,M,Ib,Brooklyn Park
127,Esquivel,Sergio,16-06-2000,M,VIIb,Henderson
128,Lucero,Stephanie,03-12-1992,W,VIc,Stamford
129,Landry,Jaycee,11-07-1990,W,IVc,Smyrna
130,Vega,Elise,02-10-2000,W,IVb,Hartford
131,Kelley,Kane,22-01-1994,M,VIi,Calumet City
132,Stuart,Junior,02-09-1999,M,Vk,Lafayette
133,Newton,Alonzo,04-07-1997,M,VId,Lake Havasu City
134,Rasmussen,Van,02-04-1990,M,IIi,Columbus
135,Glenn,Carly,02-04-1995,W,VIc,Gastonia
136,Liu,Breanna,13-10-2000,W,IVf,Elkhart
137,Cobb,Alfredo,24-03-2002,M,IVg,Springfield
138,Berry,Elianna,21-03-2002,W,Vj,Roswell
139,Butler,Khloe,17-11-1997,W,Va,Gastonia
140,Harper,Reuben,17-08-1990,M,Ii,Lawrence
141,Walsh,Mina,27-05-2001,W,VIl,Palmdale
142,Doyle,Remington,04-09-1998,M,VIIIf,East Providence
143,Strong,Alexandria,29-09-1990,W,IIh,Eagan
144,Mueller,Ira,15-03-1991,M,IIb,Dallas
145,Keith,Henry,27-09-1990,M,IIIg,Columbus
146,Galindo,Poppy,07-09-1994,W,IIIf,Stamford
147,Villanueva,Dexter,27-04-2001,M,IIk,Caldwell
148,Wilson,Alondra,31-07-1996,W,VIIe,Campbell
149,Manning,Lizbeth,05-11-1996,W,IIl,Pittsburg
150,Mcintyre,Cora,28-09-1998,W,IIId,Prescott
151,Cameron,Frida,29-11-1999,W,IIe,Santa Fe
152,Bowen,Avah,22-01-1995,W,VIIl,Scottsdale
153,Mcmillan,Russell,14-06-1991,M,VIIa,Concord
154,Barton,Jayson,10-09-1999,M,Vf,Hollywood
155,Deleon,Mitchell,23-11-1999,M,VIIg,Buena Park
156,Morrow,Legacy,15-06-1992,W,VIa,Waltham
157,Campos,Lyric,30-11-1992,M,VIg,Scottsdale
158,Castillo,Harvey,21-03-1992,M,VIa,Schenectady
159,Ashley,Matthew,16-02-1993,M,VIIIj,Bloomington
160,Ballard,Lucille,03-03-1993,W,Ic,Scottsdale
161,Vasquez,Yusuf,07-03-1996,M,Vf,Daytona Beach
162,Glenn,Maximus,29-01-1993,M,VIIe,Montgomery
163,Walter,Dexter,04-04-1994,M,IVd,Elkhart
164,Morrow,Bryan,20-03-2001,M,VIh,Campbell
165,Rios,Gwendolyn,27-11-1991,W,VIIg,Cheyenne
166,Spears,Chaim,22-08-1996,M,IIi,Visalia
167,Peters,Karter,29-05-1998,M,Ik,Chula Vista
168,Hoffman,Landyn,21-04-1991,M,VIb,Kingsport
169,Hensley,Peter,25-10-1996,M,VIIl,Bloomington
170,Tyler,Marlee,07-07-2001,W,Ig,Bolingbrook
171,Fuentes,Lilliana,16-05-2000,W,IIb,Porterville
172,Pacheco,Addilynn,20-03-1996,W,IIIf,Boston
173,Copeland,Aubree,11-06-1999,W,IIc,Danville
174,Walton,Selena,27-01-1990,W,VIIf,Apopka
175,Colon,Jaiden,27-12-1994,M,Va,Visalia
176,Fitzgerald,Julieta,21-09-1999,W,VIg,Weymouth Town
177,Nolan,Mohamed,25-01-2002,M,VIIa,Naperville
178,Kelley,Anne,20-06-1999,W,VIIk,Flint
179,Watkins,Jane,08-04-1995,W,VIIh,Frederick
180,Palmer,Tegan,19-02-1990,W,Vf,Lincoln
181,Anthony,Rene,27-06-1996,M,IVf,Coral Springs
182,Randolph,Alfonso,18-03-1991,M,VIj,Texarkana
183,Johnson,Lauryn,01-10-1995,W,IIl,Brea
184,Hobbs,Oakley,22-06-1991,M,Va,Waterbury
185,Rosales,Kaya,18-01-1998,W,VIc,Urbandale
186,Bartlett,Oscar,16-09-1996,M,IIIl,Fond du Lac
187,Potts,Ryann,13-10-1995,W,VIIf,Columbia
188,Kemp,Kinslee,12-11-1994,W,VIl,Mount Pleasant
189,Lucero,Danielle,29-04-2000,W,VIa,Indio
190,Lugo,Jack,21-08-1998,M,Ic,Portland
191,Harrell,Emery,01-03-1996,W,VIIb,Lincoln
192,Dillon,Peter,02-11-1997,M,VIIIl,Gaithersburg
193,Cardenas,Angel,17-06-1993,M,IIe,Flagstaff
194,Dunn,Kash,14-12-2001,M,VIIa,Waltham
195,Chambers,Amir,28-10-1994,M,IIIh,Lincoln
196,Sawyer,Kendra,19-09-1995,W,VIIIg,Greenville
197,Little,Aurelia,17-02-1990,W,VIe,Lafayette
198,Lewis,Donovan,15-03-1992,M,Ie,Southfield
199,Tang,Estella,06-06-1993,W,IIg,Apple Valley
200,Webster,Alessia,18-08-2001,W,VIj,Greenville
201,Frye,Mckenna,14-08-1993,W,IIIi,Waukesha
202,Faulkner,Teagan,11-04-1995,W,VIh,Waukesha
203,Estes,Cayson,17-02-1999,M,VId,Riverside
204,Solis,Edgar,16-10-1991,M,VIf,Indio
205,Jefferson,Raiden,05-04-2001,M,IIf,Dublin
206,Day,Kaison,25-03-1992,M,Vk,Raleigh
207,Phan,Briana,05-09-1994,W,VIId,Weymouth Town
208,Shepherd,Madeline,17-06-1996,W,VIi,Layton
209,Caldwell,Kelvin,05-04-1996,M,IIId,Colorado Springs
210,Flynn,Natalia,24-11-1995,W,Id,Hartford
211,Avalos,Evelyn,23-04-1998,W,IVc,Bolingbrook
212,Macdonald,Dylan,21-02-1995,M,VIIIk,Columbia
213,Dixon,Vera,10-01-1993,W,VId,Mission
214,Schneider,Trenton,17-11-2000,M,Id,Blacksburg
215,Novak,Chelsea,06-06-2000,W,VIIb,Waukesha
216,Frye,Jayde,28-03-1993,W,IIIe,St. Charles
217,Atkinson,Emma,18-01-1997,W,VIIIe,Dallas
218,Bartlett,Camille,04-11-1990,W,IVj,Grand Forks
219,Sparks,Ryder,26-02-1995,M,IIIh,Greenville
220,Wagner,Skylar,08-09-1990,W,VIIIi,Boston
221,Frye,Eden,17-04-1999,M,IIb,Salem
222,Avery,Sophia,24-12-2001,W,Ie,Kettering
223,Benjamin,Anna,27-11-1997,W,IIi,Montgomery
224,Parsons,Khalil,30-11-1992,M,VIIb,West Haven
225,Benson,Julius,20-05-1990,M,IIIk,Cleveland
226,Andersen,Everlee,13-07-1999,W,IVi,Upland
227,Parsons,Gianni,12-03-1999,M,VIf,Coachella
228,Camacho,Lance,22-02-2001,M,Ve,Chino
229,Graham,Zaiden,08-09-1998,M,IIIj,Burnsville
230,Becker,Raelynn,25-09-1997,W,IIIc,Montgomery
231,Roach,Reece,07-09-1992,M,IVd,Fort Smith
232,Atkins,Jana,06-11-1990,W,VIIf,Tucson
233,Compton,Khloe,01-01-2002,W,IVe,Chino
234,Ware,Tyler,31-07-1996,M,IVe,Palmdale
235,Duncan,Wells,25-10-1991,M,Va,Calumet City
236,Willis,Lauren,16-07-1993,W,Vj,Malden
237,Evans,Callum,09-10-1998,M,IIg,Boise City
238,Guerrero,Alonzo,16-12-1994,M,VIh,Mount Pleasant
239,Harper,Jaliyah,06-01-2001,W,Ik,Sterling Heights
240,Hamilton,Bridger,22-05-1993,M,IIIb,Covina
241,Huber,Macie,25-04-1993,W,VIi,Doral
242,Gilmore,Jada,10-01-2002,W,VIc,Waterloo
243,Floyd,Charley,16-02-1993,W,Vl,Grand Forks
244,Benton,River,19-12-1999,W,VIIa,Flagstaff
245,Jennings,Jessa,14-12-1999,W,If,Hollywood
246,Watson,Spencer,17-10-1999,M,VIa,Salem
247,Mitchell,Micah,05-09-1993,W,IVh,Mission Viejo
248,James,Elle,07-09-1993,W,IIIl,Lancaster
249,Branch,Blake,16-02-2000,M,IIi,Cheyenne
250,Ramirez,Ali,30-09-1995,M,Vi,Colorado Springs
251,Bridges,Hope,23-09-1994,W,IIc,Rowlett
252,Estes,Alyson,14-04-2001,W,Il,Florissant
253,Kerr,Paloma,06-11-1992,W,Ib,Hartford
254,Schmitt,Ember,11-07-1994,W,VIIb,Murrieta
255,Dickson,Alexia,26-02-1994,W,IIh,Trenton
256,Allen,Alicia,12-04-1996,W,VIh,Elkhart
257,Kirby,Dominick,14-09-2001,M,If,Burnsville
258,Cantrell,Caylee,03-05-1997,W,VIIg,Lafayette
259,Nash,Scarlett,14-10-1993,W,VIIj,Philadelphia
260,Chen,Romeo,24-10-1994,M,VIk,Brea
261,Flynn,Jaiden,21-10-1994,M,Vc,Lafayette
262,Herrera,Nia,08-05-1992,W,VIIIg,Santa Fe
263,Herring,Josephine,15-12-1990,W,VIi,Waltham
264,Garner,Adley,28-12-1993,W,IVd,Southaven
265,Romero,Brantley,24-03-1993,M,IVg,Campbell
266,Pennington,Zoe,15-09-1994,W,Vj,Columbus
267,Vu,Mario,17-06-2001,M,IVa,Jackson
268,Andersen,Madelynn,01-06-1993,W,IVj,Bloomington
269,Macias,Brynlee,25-10-1995,W,VIIc,Duluth
270,Greene,Oliver,20-04-1990,M,IIIl,Naperville
271,Leon,Lochlan,15-05-1991,M,VIc,Lancaster
272,Booker,Jaziel,30-10-1993,M,IVg,La Crosse
273,Chase,Danica,07-09-1999,W,IId,Conroe
274,Tapia,Riya,22-01-1999,W,Vg,Calexico
275,Pratt,William,20-06-1994,M,VIIh,Aurora
276,Washington,Autumn,29-05-1994,W,IIj,Caldwell
277,Ortiz,Hadassah,13-09-1991,W,VIIc,Doral
278,Reynolds,Jayce,04-11-1995,M,VIIk,Flagstaff
279,Mueller,Bradley,26-07-1997,M,VIIc,Deerfield Beach
280,Ramos,Hallie,13-11-1999,W,VIg,East Providence
281,Boyer,Leighton,26-03-1999,W,Ie,Porterville
282,Adkins,Caylee,11-05-1997,W,IIIe,San Antonio
283,Vang,Adrien,13-03-1997,M,VIIIe,Concord
284,Vaughn,Mathias,08-11-1999,M,IIa,Gilbert
285,Ferguson,Ensley,23-07-1997,W,Ie,Hartford
286,Fields,Nicolas,03-09-1990,M,VIIk,Oak Lawn
287,Snyder,Jaxson,07-12-1996,M,IIc,Overland Park
288,Stafford,Genevieve,24-02-1991,W,IVh,Covina
289,Ball,Nylah,16-04-1993,W,If,Columbus
290,Flores,Donald,12-01-1999,M,Ik,Kansas City
291,Elliott,Gianna,06-09-1990,W,IVd,Antioch
292,Cook,Rosemary,21-06-1999,W,VIIIl,Murrieta
293,Dudley,Aurora,13-01-1997,W,VIk,Buckeye
294,Burton,Ronan,04-12-1995,M,IIIl,Tallahassee
295,Bonilla,Carl,25-01-2001,M,IVa,Santa Fe
296,Schwartz,Marilyn,09-12-2001,W,IVd,Orange
297,Clarke,Coraline,11-05-2002,W,IVh,Wausau
298,Small,Angel,02-05-1999,W,VIId,Portland
299,Obrien,Josiah,01-04-1991,M,VIIe,Rochester
300,Barrera,Jimena,05-03-1995,W,Ie,Blacksburg
301,Middleton,Julio,10-10-1993,M,VIIi,Worcester
302,Guzman,Adalynn,31-10-1997,W,VIe,Allentown
303,Snyder,Kole,08-09-2000,M,Ve,Allen
304,Campos,Hadleigh,13-04-2000,W,Vl,Deerfield Beach
305,Estes,Nicholas,19-02-1990,M,Vg,Lawrence
306,Sellers,Wilder,29-04-2001,M,VIIk,Waltham
307,Quinn,Tanner,12-03-1994,M,VIIh,Roswell
308,Mendez,Anya,06-03-2002,W,Vj,Logan
309,Boone,Angel,24-04-2000,W,IVh,Antioch
310,Abbott,Shawn,28-10-1997,M,VIId,Worcester
311,Joseph,Tomas,08-08-1999,M,IVh,North Lauderdale
312,Hayden,Dominique,18-06-1994,M,IVa,Burnsville
313,Mcclain,Leyla,23-01-1995,W,VIIa,Flint
314,Strong,Leland,10-06-1995,M,Vb,Flagstaff
315,Navarro,Greta,11-05-1998,W,IIIe,Glenview
316,Fisher,Nikolai,05-03-2001,M,Ik,Lincoln
317,Drake,Rory,12-08-1999,M,IIIj,Bremerton
318,Smith,Iliana,13-08-1998,W,IVh,Kettering
319,Arias,Maliyah,14-07-1990,W,Il,West Palm Beach
320,Mosley,Lainey,18-11-1998,W,IVe,Eagan
321,Perez,Kensley,22-09-1996,W,Vc,Bend
322,Vaughan,Alana,16-12-1992,W,Ii,Oak Park
323,Carpenter,Salvador,06-11-1993,M,Va,Palmdale
324,Sampson,Ellis,03-07-1991,M,IVe,Naperville
325,Goodwin,Amanda,21-01-2000,W,VIIi,Philadelphia
326,Velasquez,Zion,07-08-2000,W,VIIe,Layton
327,Farley,Dane,22-09-1990,M,IIIh,Smyrna
328,Vo,Brooklyn,20-06-1998,W,IIh,Visalia
329,Sherman,Walter,28-06-1997,M,If,Antioch
330,Griffith,Mitchell,29-12-1995,M,VIk,Raleigh
331,Higgins,Alina,17-12-1997,W,IIIc,Boise City
332,Crosby,Micheal,16-08-1990,M,IVc,Modesto
333,Oneal,Karen,28-02-1993,W,Vc,Fishers
334,Berry,Oliver,28-05-1997,M,VIIf,Scottsdale
335,Mcgee,Adalynn,02-12-2000,W,VIIId,Lincoln Park
336,Brown,Cohen,03-04-1992,M,Ik,Indio
337,Davidson,Leland,17-03-1999,M,VIIIb,Littleton
338,Sutton,Shelby,07-09-2001,W,IIId,Buffalo
339,Morris,Janiyah,07-10-2000,W,IVk,Lakewood
340,Holmes,Whitney,07-03-1990,W,IIIk,Columbia
341,Wagner,Keagan,05-03-1991,M,VIIk,Marlborough
342,English,Kaia,28-03-1992,W,IVf,Palmdale
343,Vang,Declan,26-07-1998,M,VIIIc,Riverside
344,Dean,Emberly,08-09-1994,W,IIh,Allentown
345,Singh,Brooks,13-03-1991,M,VIIIa,Tallahassee
346,Madden,Ramiro,20-05-1998,M,Ve,San Antonio
347,Bartlett,Felix,12-05-1999,M,IVb,Colorado Springs
348,Lucero,Baylee,05-12-1991,W,Ib,Fort Myers
349,Cook,Gloria,25-04-1996,W,Ii,Texarkana
350,Spencer,Lorelei,08-08-1990,W,Id,Glenview
351,Howell,Khari,29-11-1996,M,IVg,Modesto
352,Harrington,Barbara,17-10-1996,W,IIg,Gastonia
353,Mckenzie,Charlee,18-06-2001,W,IIc,Wausau
354,House,Vera,03-10-1992,W,VIIg,Roswell
355,Yates,Holden,29-06-1998,M,Ic,Gastonia
356,Portillo,Taliyah,12-03-2002,W,VIIe,Dublin
357,Roberts,Felix,21-01-1997,M,VIIId,Tampa
358,Beard,Brixton,05-03-1990,M,IVe,Boise City
359,Mathews,Kolton,14-04-2000,M,VIg,Columbia
360,Waters,Addilyn,13-02-1995,W,IIc,Plantation
361,Levy,Juliana,29-12-1996,W,VIc,Chapel Hill
362,Bates,Rudy,28-12-1998,M,Vl,Waukesha
363,Bush,Katalina,30-06-1995,W,IVf,Chapel Hill
364,Allen,Nadia,14-04-1999,W,IIIh,Cheyenne
365,Clements,Lilian,08-04-1998,W,VIIIl,Rowlett
366,Felix,Rory,01-09-1991,M,IIa,Burnsville
367,Schultz,Jaden,18-12-1997,M,VIIh,Weymouth Town
368,Stanley,Amia,02-02-1993,W,IId,Raleigh
369,Trejo,Charlotte,22-11-1997,W,VIb,Logan
370,Rice,Roland,09-07-1994,M,Vb,Council Bluffs
371,Cross,Zavier,12-10-1992,M,IVj,DeKalb
372,Shaffer,Jaden,14-08-1998,M,Vg,Grand Forks
373,Hunter,Davina,06-07-1996,W,IIIe,Fort Smith
374,Mcfarland,Jaxon,27-03-1997,M,Ve,Modesto
375,Dodson,Melvin,11-11-1991,M,Vl,Thornton
376,Harrell,Payton,19-12-1993,M,VIIg,Lawrence
377,Valenzuela,Houston,14-03-2000,M,VIIId,Lancaster
378,Cardenas,Maya,10-04-2002,W,IIId,Lincoln Park
379,Jones,Drake,11-10-1991,M,IIIg,Boulder
380,Santana,Reina,02-01-1996,W,VIl,Roanoke
381,Long,Alisha,31-10-1994,W,Vk,Fall River
382,Hunter,Brixton,31-05-1997,M,IIIa,Palmdale
383,Bautista,Millie,09-02-1991,W,VIIe,Gilbert
384,Perez,Joy,28-07-2000,W,Vi,The Colony
385,Rangel,Grant,11-10-1991,M,VIa,Frederick
386,Hall,Callan,01-06-2001,M,Ik,Bolingbrook
387,Short,Aiden,29-12-1994,M,Ik,Cuyahoga Falls
388,Mueller,Oaklyn,25-03-1996,W,VIi,Calexico
389,Griffin,Angie,18-09-1993,W,VIh,El Centro
390,Oneal,Nolan,07-04-1993,M,VIIIi,Concord
391,Foster,Kaya,04-06-1990,W,VIl,Puyallup
392,Preston,Corey,09-03-1991,M,VIIIg,Council Bluffs
393,Mcconnell,Johnathan,05-07-1995,M,VIIe,Antioch
394,Reed,Lorelei,01-06-1990,W,IVd,Aurora
395,Hanna,Lana,16-11-2000,W,IIh,Puyallup
396,Orozco,Decker,18-04-1999,M,IIIl,Wausau
397,Hogan,Jessie,30-05-1999,W,IVh,Colorado Springs
398,Robinson,Amaya,15-06-1998,W,VIIIa,Bolingbrook
399,Flowers,Karina,15-09-1992,W,VIIId,Lincoln Park
400,Hendrix,Jayden,06-06-1995,W,VIk,Texarkana
401,York,Jamie,12-06-2000,W,IVg,Noblesville
402,Mclean,Raphael,09-09-2000,M,VIIj,Aurora
403,Davis,Amia,24-01-1995,W,Vi,Bend
404,Stokes,Adalynn,24-01-2002,W,IIIc,West Allis
405,Cervantes,Nayeli,10-01-1997,W,Ic,Brooklyn Park
406,English,Gabriela,12-04-2000,W,Il,Logan
407,Scott,Elsa,19-10-1996,W,IIb,Glenview
408,Archer,Luciano,11-10-1997,M,VIId,West Des Moines
409,Estrada,Royalty,08-09-1999,W,IIIe,Coachella
410,Pearson,Sarah,14-10-1999,W,IIIj,Lincoln Park
411,Hurst,Patrick,07-12-1997,M,VIc,Wausau
412,Carroll,Kyleigh,21-08-1990,W,IIa,Lincoln
413,Strong,Vanessa,17-02-1994,W,Ij,Novato
414,Fletcher,Kenna,06-12-2001,W,VIIIa,Brea
415,Santana,Madeleine,27-02-2002,W,Ic,Tulsa
416,Villanueva,Blake,06-10-1992,W,IVd,Covina
417,Johnson,Niko,20-09-1992,M,Ii,North Lauderdale
418,Hoover,Alessandra,21-11-1996,W,Vh,Binghamton
419,Ward,Nola,26-01-1999,W,Id,Modesto
420,Ramsey,Zariah,27-10-1990,W,IVk,Missoula
421,Gates,Misael,03-07-2001,M,IVf,West Allis
422,Garrison,Mara,01-05-1990,W,IIIf,Campbell
423,Kennedy,Emmalyn,09-08-1991,W,IId,Coral Springs
424,Harrison,Meadow,17-05-2001,W,IIIj,Columbus
425,Archer,Nelson,15-08-1995,M,VIIi,Reno
426,Villa,Micheal,22-01-1993,M,Ij,Lima
427,Randall,Harrison,14-10-1998,M,IIIf,La Crosse
428,Kirby,Anakin,10-05-1992,M,IIIb,Upland
429,Walls,Ronin,10-07-2000,M,IVe,Rancho Palos Verdes
430,Alexander,Zechariah,17-02-1994,M,Vl,Baytown
431,Rowland,Brennan,31-01-1993,M,VIb,Buena Park
432,Guerra,Gunner,10-08-1990,M,VIb,Fort Myers
433,Phelps,Camden,15-02-1998,M,Vb,Burien
434,Evans,Norah,31-10-1993,W,VIc,North Richland Hills
435,Parker,Edith,25-05-1998,W,VIf,Bellflower
436,Clayton,Kori,01-08-1996,W,Id,Council Bluffs
437,Cohen,Miah,23-04-1991,W,VIIIj,Mount Vernon
438,Wilkins,Bradley,14-04-1999,M,IIIg,Modesto
439,Owens,Poppy,19-10-1998,W,VIIIl,El Centro
440,Lawson,Kristian,08-06-1990,M,IIh,DeKalb
441,Obrien,Yisroel,28-12-1996,M,VIg,Tulare
442,Avila,Eliezer,25-12-1992,M,Id,Columbus
443,Esquivel,Bruno,29-11-1999,M,VIf,Kettering
444,Waters,Adan,03-11-1990,M,VIIIa,Buckeye
445,Esquivel,Niko,28-08-2000,M,Ih,North Lauderdale
446,Pierce,Astrid,22-09-1996,W,IIIb,Scottsdale
447,Kelly,Allie,20-02-1999,W,Ii,Concord
448,Reed,Beckham,31-05-1999,M,Ii,DeKalb
449,Fields,Gregory,19-02-2002,M,IIIi,La Crosse
450,Bass,Jazmine,16-12-1997,W,IIIk,Henderson
451,Leblanc,Tony,24-02-2001,M,Ia,Marietta
452,Pruitt,Adriana,25-05-1990,W,VIIIe,Daytona Beach
453,White,Leanna,13-05-1990,W,VIIc,Gaithersburg
454,Wallace,Kimber,19-03-2001,W,IVk,Kettering
455,Espinosa,Josephine,01-09-1999,W,IVg,Prescott
456,Webster,Leon,02-11-1990,M,VIIj,Waterloo
457,Cantrell,Jakob,10-02-1995,M,Ik,Boulder
458,Hail,Riley,17-10-1993,W,VIIf,Texarkana
459,Gates,Ariya,10-10-1992,W,Ii,Modesto
460,Santos,Dakota,12-10-2001,M,VIIId,Overland Park
461,Cameron,Johanna,07-05-1993,W,VIIf,Allen
462,Marshall,Hadassah,12-09-1999,W,IIe,East Providence
463,Correa,Sonia,13-12-1999,W,Vh,Duluth
464,Meza,Dallas,31-08-1998,W,VIIe,Chapel Hill
465,Strong,Alaric,01-06-1993,M,VIIIc,Tulare
466,Tapia,Morgan,23-06-1992,M,IVa,Covina
467,Gallagher,Mohamed,03-02-1990,M,IIIg,Weymouth Town
468,Cervantes,Giselle,24-10-1995,W,VIIIf,Roswell
469,Morgan,Aydin,27-02-1999,M,IIj,Worcester
470,Williams,Paisley,18-04-1999,W,IIIk,Waterbury
471,Wright,Jenny,28-11-1995,W,Ik,Marysville
472,Barker,Alani,14-06-1995,W,IIIi,Bellflower
473,Wolf,Ava,10-10-1995,W,IVe,Tampa
474,Pope,Paisley,14-02-1991,W,VIIe,La Crosse
475,Love,Legend,30-03-2002,M,VIIi,Parker
476,Nguyen,Coraline,02-03-1992,W,VIIIa,Raleigh
477,Weber,Adaline,16-01-1999,W,IIIl,Missoula
478,Simon,Nova,05-05-1993,W,VIIh,Roanoke
479,Fleming,Itzel,20-04-1996,W,IIc,Marietta
480,House,Kareem,15-03-2000,M,VIIj,Daytona Beach
481,Carrillo,Kohen,17-03-2002,M,Ve,Buffalo
482,Mathis,Luke,07-11-2001,M,VIIIi,Littleton
483,Richard,Gavin,11-05-1995,M,Ig,Marietta
484,Perez,Anson,18-07-1999,M,VIIIc,Waukesha
485,Leonard,Charlie,05-10-1994,M,IIIe,Grand Forks
486,Pennington,Shepherd,17-09-1998,M,IIIg,Oak Park
487,Wu,Nova,01-09-1993,M,Vd,Logan
488,Ahmed,Zaria,20-12-1997,W,IVb,Montgomery
489,Middleton,Joey,11-08-1996,M,IVk,Overland Park
490,House,Kingston,31-03-1999,M,Vj,Upland
491,Gallegos,Sam,03-06-1997,M,IIIb,Apopka
492,Thomas,Ariana,06-01-1994,W,Ih,Henderson
493,Ray,Ezra,13-06-1990,M,Ij,Marlborough
494,Foley,Hugh,19-03-1998,M,Ic,Raleigh
495,Cochran,Santino,25-05-1999,M,VIId,Gaithersburg
496,Lindsey,Finnley,09-01-1990,M,VIIIh,North Richland Hills
497,Mccarthy,Anya,11-11-1999,W,VIe,Roswell
498,Potts,Cole,15-11-2001,M,VIIIb,Fishers
499,Shah,Johnny,26-09-1996,M,Ii,Bolingbrook
500,Rodriguez,Marjorie,26-09-1996,W,Ig,Montgomery
501,Dennis,Armando,02-03-1990,M,VIIl,Layton
502,Hunt,Quinton,23-01-2002,M,Vh,Tulare
503,Weber,Jayden,17-07-1997,W,IIIe,Fort Myers
504,Lucas,Ashton,01-12-1995,M,IVl,Buffalo
505,Mathews,William,19-11-2001,M,VIIIf,Noblesville
506,Spencer,Bryce,02-08-1991,M,Ii,Marana
507,Roth,Dane,23-05-1999,M,Ic,Stamford
508,Graham,Legacy,10-03-1993,W,VIIIl,Spokane
509,Noble,Terrance,18-04-2002,M,Vj,Hartford
510,Morse,Fatima,23-06-1999,W,Ve,Bellflower
511,Berger,Neil,11-12-1997,M,Vb,Lakewood
512,Gray,Phoebe,06-03-2000,W,IVd,Sarasota
513,Galvan,Dylan,24-11-1997,M,IVh,Burien
514,Snyder,Emery,04-01-1992,M,VIIIj,DeKalb
515,Garrett,Azalea,07-11-1997,W,IIi,Aurora
516,Clarke,Zaylee,16-02-1990,W,Vj,Boise City
517,Rollins,Charlie,22-04-2002,M,VIIIl,West Palm Beach
518,Hardy,Khloe,06-01-1999,W,VIj,Indio
519,Hardin,Siena,12-06-1991,W,VIk,Waltham
520,Peters,Ariella,30-12-1996,W,Ih,Bremerton
521,Morrison,Rene,25-10-1996,M,VIi,Gilbert
522,Byrd,Beckett,25-09-1993,M,VIIId,North Lauderdale
523,Rosario,Sergio,05-09-1993,M,VIIi,Calumet City
524,Walker,Belen,04-04-1996,W,VIIIi,Lancaster
525,Ball,Nola,12-04-1991,W,VId,Columbus
526,Gonzales,Magdalena,23-05-1996,W,IIb,Southaven
527,Abbott,Michael,29-08-1995,M,VIIc,Spokane
528,Sullivan,Shawn,10-02-1997,M,VIIIb,Columbus
529,Herman,Kailey,24-04-2000,W,Vk,Parker
530,Pruitt,Jamir,05-05-1994,M,IVe,Smyrna
531,Conrad,River,18-01-1998,W,Vf,Calumet City
532,Frost,Brantley,17-01-1992,M,Ia,Springfield
533,Ashley,Aubree,25-09-2001,W,IIIf,Flagstaff
534,Humphrey,Rebekah,06-05-1992,W,VIe,Kingsport
535,Moreno,Jamie,03-09-2000,M,IVe,Binghamton
536,Owen,Annalee,23-05-2001,W,VIIIk,Colorado Springs
537,Haynes,Dallas,29-11-1992,M,IVb,Campbell
538,Valencia,Kendall,31-05-1998,W,IVl,Lancaster
539,Rosas,Greta,30-04-1999,W,Va,North Richland Hills
540,Choi,Nola,07-07-1991,W,Vc,Calexico
541,Hernandez,Zaria,11-10-2001,W,IVc,Coral Springs
542,Kemp,Javier,19-10-1999,M,Va,Palmdale
543,Tucker,Noah,09-04-1990,M,Vk,Roswell
544,Mcdonald,Francesca,28-01-1992,W,IVj,Fishers
545,Herring,Carly,26-01-1992,W,IVl,Council Bluffs
546,Kennedy,Maurice,13-07-1998,M,IIa,Waukesha
547,Walker,Harley,05-07-1993,M,VIIIe,North Lauderdale
548,Dickerson,Aubrie,07-11-2001,W,IVk,Jackson
549,Kane,Evalyn,19-10-1994,W,IIk,Noblesville
550,Graham,Susan,12-03-1999,W,IIk,Southfield
551,Blair,Jonah,27-02-1997,M,Vb,Tampa
552,Spencer,Romeo,19-04-2000,M,Va,St. Charles
553,Esparza,Felix,13-09-1998,M,Il,La Crosse
554,Garrison,Sage,02-04-1998,M,IVg,Bremerton
555,Valencia,Aranza,23-11-1995,W,IVd,Flagstaff
556,Serrano,April,01-08-1999,W,Va,Blacksburg
557,Sanchez,Fabian,11-05-1995,M,IIIe,West Allis
558,Garza,Landry,20-01-1998,W,Il,Bend
559,Morton,Brady,03-05-2001,M,VIl,Roswell
560,Levy,Addisyn,05-11-1998,W,VIj,Visalia
561,Myers,Cadence,04-04-2001,W,IIc,Kettering
562,Henderson,Marc,25-02-1991,M,IIIe,Waterbury
563,Pineda,Jordan,02-01-1991,W,VIIIg,Fishers
564,Hutchinson,Gabriela,30-01-2000,W,VIIId,Overland Park
565,Melton,Vivienne,02-07-1998,W,IIId,Henderson
566,Compton,Myra,09-08-1995,W,IIf,Schenectady
567,Villegas,Madisyn,20-10-1990,W,VIIe,Fall River
568,Callahan,Danica,28-03-1993,W,IVc,Woburn
569,Velazquez,Kane,16-12-2000,M,Id,Lawrence
570,Truong,Callum,31-10-1998,M,VIIi,Aurora
571,Lamb,Janelle,28-04-2001,W,IIf,Grand Rapids
572,Jensen,Craig,14-07-1999,M,IIIf,Lincoln Park
573,Xiong,Marvin,13-02-1990,M,IIb,Eagan
574,Church,Ezequiel,15-05-1990,M,VIIl,West Haven
575,Andrews,Brady,20-01-1996,M,VIIIi,Bellflower
576,Perkins,Nickolas,21-07-1998,M,Ie,Burien
577,Montes,Oaklyn,15-02-1995,W,Vc,Bremerton
578,Mejia,Renee,19-11-1994,W,Ic,Gilbert
579,Parks,Eileen,13-01-1997,W,IIIg,Meridian
580,Thompson,Alicia,09-12-1992,W,VIb,Bolingbrook
581,Hubbard,Ahmed,20-05-1995,M,IIb,Southaven
582,Hayes,Daisy,25-11-1998,W,Ie,Annapolis
583,Rocha,Bruno,12-09-1990,M,Ig,Kingsport
584,Weaver,Anika,24-02-1996,W,VIIe,Schenectady
585,Fox,Izabella,13-04-1996,W,IVg,La Crosse
586,Bennett,Memphis,14-06-1997,M,Vd,Henderson
587,Buchanan,Eason,23-09-1991,M,IIIf,Puyallup
588,Mccann,Izaiah,16-01-1992,M,IVi,Prescott
589,Leonard,Terrell,12-08-1998,M,IIIf,Henderson
590,Herrera,Aya,21-10-1993,W,Vj,Mount Pleasant
591,Lester,Julianna,06-09-1993,W,Ib,Elkhart
592,Dougherty,Quinn,29-05-1992,W,VIIa,Raleigh
593,Barron,Mila,03-04-1994,W,IIl,Chapel Hill
594,Lane,Destiny,13-05-1996,W,IIIl,Tallahassee
595,Rowland,Dane,14-09-1999,M,IIIc,Chapel Hill
596,Vu,Conrad,30-10-1997,M,VIe,Doral
597,Stevenson,Haylee,18-11-1998,W,VIIa,North Richland Hills
598,Waters,Phoenix,18-07-1994,M,Ig,Logan
599,Christensen,Lydia,06-03-1993,W,Ib,West Palm Beach
